"","Children's clothes","Children's education","Children's health"
"Children's clothes",1,0.586569034208144,0.546843473920079
"Children's education",0.586569034208144,1,0.79387188665321
"Children's health",0.546843473920079,0.79387188665321,1
